{"cameraMode":{"drawMode":0,"name":"Shaded","section":"Shading Mode"},"sceneLighting":true,"audioPlay":false,"sceneViewState":{"showFog":true,"showMaterialUpdate":true,"showSkybox":true,"showFlares":true,"showImageEffects":true,"showParticleSystems":true},"in2DMode":false,"pivot":{"x":-23.440093994140626,"y":6.373620986938477,"z":0.9445533752441406},"rotation":{"x":-0.2143298089504242,"y":0.6047428250312805,"z":-0.1734718382358551,"w":-0.7471655607223511},"size":23.386289596557618,"orthographic":false}