{"cameraMode":{"drawMode":0,"name":"Shaded","section":"Shading Mode"},"sceneLighting":true,"audioPlay":false,"sceneViewState":{"showFog":true,"showMaterialUpdate":true,"showSkybox":true,"showFlares":true,"showImageEffects":true,"showParticleSystems":true},"in2DMode":false,"pivot":{"x":-101.83062744140625,"y":2.9119138717651369,"z":53.357032775878909},"rotation":{"x":0.03652685135602951,"y":-0.49297693371772768,"z":0.020719682797789575,"w":0.8690283298492432},"size":112.74945831298828,"orthographic":false}