{"cameraMode":{"drawMode":0,"name":"Shaded","section":"Shading Mode"},"sceneLighting":true,"audioPlay":false,"sceneViewState":{"showFog":true,"showMaterialUpdate":true,"showSkybox":true,"showFlares":true,"showImageEffects":true,"showParticleSystems":true},"in2DMode":false,"pivot":{"x":-39.23970031738281,"y":4.385872840881348,"z":3.595609188079834},"rotation":{"x":0.04696432501077652,"y":-0.6834999918937683,"z":0.044147949665784839,"w":0.7270991802215576},"size":47.131370544433597,"orthographic":false}