{"cameraMode":{"drawMode":0,"name":"Shaded","section":"Shading Mode"},"sceneLighting":true,"audioPlay":false,"sceneViewState":{"showFog":true,"showMaterialUpdate":true,"showSkybox":true,"showFlares":true,"showImageEffects":true,"showParticleSystems":true},"in2DMode":false,"pivot":{"x":-24.191587448120118,"y":5.168246746063232,"z":7.86095666885376},"rotation":{"x":-0.09841132164001465,"y":0.3830072283744812,"z":-0.04107636585831642,"w":-0.9175693392753601},"size":22.0,"orthographic":false}