{"cameraMode":{"drawMode":0,"name":"Shaded","section":"Shading Mode"},"sceneLighting":false,"audioPlay":false,"sceneViewState":{"showFog":true,"showMaterialUpdate":true,"showSkybox":false,"showFlares":true,"showImageEffects":true,"showParticleSystems":true},"in2DMode":false,"pivot":{"x":5.3628997802734379,"y":-2.582659959793091,"z":-0.07000000029802323},"rotation":{"x":0.15364202857017518,"y":-0.49606063961982729,"z":0.08967722207307816,"w":0.8498682379722595},"size":0.005715494975447655,"orthographic":false}